"idx"	"Box"	"Strain.."	"ID"
"1"	"1"	"1"	"C3M10"
"2"	"1"	"4"	"B3R18"
"3"	"1"	"5"	"B2R09"
"4"	"1"	"6"	"C1M14"
"5"	"1"	"8"	"C1R06"
"6"	"1"	"9"	"A2M03"
"7"	"1"	"10"	"B3M02"
"8"	"1"	"11"	"D2M02"
"9"	"1"	"12"	"C3R19"
"10"	"1"	"14"	"F3R08"
"11"	"1"	"16"	"A3R06"
"12"	"1"	"17"	"D2M19"
"13"	"1"	"18"	"B2M13"
"14"	"1"	"21"	"E3R11"
"15"	"1"	"22"	"G2R10"
"16"	"1"	"23"	"E3R01"
"17"	"1"	"25"	"B3M08"
"18"	"1"	"26"	"E3R09"
"19"	"1"	"27"	"4B03"
"20"	"1"	"28"	"C3R17"
"21"	"1"	"29"	"F2R14"
"22"	"1"	"31"	"D2R04"
"23"	"1"	"32"	"C2R02"
"24"	"1"	"35"	"I2M19"
"25"	"1"	"36"	"C3R12"
"26"	"1"	"37"	"6B07"
"27"	"1"	"38"	"6D03"
"28"	"1"	"41"	"I3M07"
"29"	"1"	"42"	"F3R11"
"30"	"1"	"44"	"3D05"
"31"	"1"	"45"	"1A01"
"32"	"1"	"46"	"E3M18"
"33"	"1"	"48"	"3B05"
"34"	"1"	"49"	"D3R19"
"35"	"1"	"50"	"6C06"
"36"	"2"	"137"	"4F10"
"37"	"2"	"138"	"5C01"
"38"	"2"	"139"	"6D02"
"39"	"2"	"140"	"I2R16"
"40"	"2"	"141"	"A3M17"
"41"	"2"	"142"	"A3R04"
"42"	"2"	"143"	"A3R12"
"43"	"2"	"144"	"A3R16"
"44"	"2"	"145"	"B3R10"
"45"	"2"	"146"	"C2M11"
"46"	"2"	"147"	"C2R09"
"47"	"2"	"148"	"C3M06"
"48"	"2"	"149"	"D2R05"
"49"	"2"	"150"	"D2R18"
"50"	"2"	"151"	"E2M01"
"51"	"2"	"152"	"E3M17"
"52"	"2"	"153"	"E3R18"
"53"	"2"	"154"	"F3M07"
"54"	"2"	"155"	"G2M07"
"55"	"2"	"156"	"G3M19"
"56"	"2"	"158"	"4A10"
"57"	"2"	"159"	"B2M06"
"58"	"2"	"160"	"B2M17"
"59"	"2"	"161"	"G2R14"
"60"	NA	NA	"E3M09"
"61"	NA	NA	"C3R15"
"62"	NA	NA	"B2R22"
"63"	NA	NA	"4E07"
