"obsChi"	"preChi"	"class"	"phy"
"1A01"	4	4.3314514132159	"degrader"	"Gammaproteobacteria"
"3B05"	0	0.311810117675473	"scavenger"	"Gammaproteobacteria"
"3C02"	5	4.32577320265798	"degrader"	"Gammaproteobacteria"
"3D05"	2	2.08871076959462	"degrader"	"Gammaproteobacteria"
"4A10"	0	0.105649579122565	"scavenger"	"Alphaproteobacteria"
"4B03"	0	0.439567994499641	"scavenger"	"Gammaproteobacteria"
"4E07"	0	0.105649579122565	"scavenger"	"Alphaproteobacteria"
"4F10"	0	0.105649579122565	"scavenger"	"Alphaproteobacteria"
"5C01"	1	0.105649579122565	"scavenger"	"Alphaproteobacteria"
"6B07"	0	0.634220019891405	"exploiter"	"Bacteroidota"
"6C06"	11	4.08051575386707	"degrader"	"Gammaproteobacteria"
"6D02"	0	1.71501052589403	"exploiter"	"Gammaproteobacteria"
"6D03"	7	4.01900021007478	"degrader"	"Gammaproteobacteria"
"A1R12"	0	0.115384615384615	"scavenger"	"Campylobacterota"
"A2M03"	1	0.745696562456928	"degrader"	"Bacteroidota"
"A3M17"	0	0.105649579122565	"scavenger"	"Alphaproteobacteria"
"A3R04"	0	1.00297986833684	"exploiter"	"Gammaproteobacteria"
"A3R06"	0	0.105649579122565	"scavenger"	"Alphaproteobacteria"
"A3R12"	0	0.439567994499641	"scavenger"	"Gammaproteobacteria"
"A3R16"	0	0.181934736962557	"scavenger"	"Gammaproteobacteria"
"B2M06"	0	0.745696562456928	"exploiter"	"Bacteroidota"
"B2M13"	0	0.389891921601822	"scavenger"	"Gammaproteobacteria"
"B2M17"	0	0.50094638621644	"exploiter"	"Bacteroidota"
"B2R09"	0	0.105649579122565	"scavenger"	"Alphaproteobacteria"
"B2R22"	0	0.105649579122565	"scavenger"	"Alphaproteobacteria"
"B3M02"	1	-0.196408125282643	"scavenger"	"Gammaproteobacteria"
"B3M08"	0	0.105649579122565	"scavenger"	"Alphaproteobacteria"
"B3R10"	0	1.1243906979479	"exploiter"	"Gammaproteobacteria"
"B3R18"	0	0.745696562456928	"exploiter"	"Bacteroidota"
"C1M14"	1	0.891005214116818	"degrader"	"Gammaproteobacteria"
"C1R06"	0	0.588162100343436	"exploiter"	"Gammaproteobacteria"
"C2M11"	0	0.857019237057232	"exploiter"	"Gammaproteobacteria"
"C2R02"	3	2.89972101838021	"degrader"	"Gammaproteobacteria"
"C2R09"	0	0.105649579122565	"scavenger"	"Alphaproteobacteria"
"C3M06"	0	0.105649579122565	"scavenger"	"Alphaproteobacteria"
"C3M10"	0	0.105649579122565	"scavenger"	"Alphaproteobacteria"
"C3R12"	3	3.81661422334736	"degrader"	"Gammaproteobacteria"
"C3R15"	0	0.478637946830384	"scavenger"	"Bacteroidota"
"C3R17"	0	0.677180136754677	"exploiter"	"Bacteroidota"
"C3R19"	0	0.50094638621644	"exploiter"	"Bacteroidota"
"D2M02"	3	2.5401479892118	"degrader"	"Gammaproteobacteria"
"D2M19"	0	0.422402140507055	"scavenger"	"Gammaproteobacteria"
"D2R04"	0	0.105649579122565	"scavenger"	"Alphaproteobacteria"
"D2R05"	0	0.637515061091072	"exploiter"	"Gammaproteobacteria"
"D2R18"	0	0.105649579122565	"scavenger"	"Alphaproteobacteria"
"D3R19"	0	0.410121521128134	"scavenger"	"Bacteroidota"
"E2M01"	0	0.272192467627983	"scavenger"	"Gammaproteobacteria"
"E3M09"	3	0.772711976387279	"degrader"	"Gammaproteobacteria"
"E3M17"	4	0.402352026984057	"scavenger"	"Gammaproteobacteria"
"E3M18"	0	0.833358413828137	"exploiter"	"Bacteroidota"
"E3R01"	4	0.50094638621644	"degrader"	"Bacteroidota"
"E3R09"	0	0.79391962478357	"exploiter"	"Bacteroidota"
"E3R11"	6	3.71532650989566	"degrader"	"Gammaproteobacteria"
"E3R18"	1	0.893566186805456	"degrader"	"Bacteroidota"
"F2R14"	0	0.105649579122565	"scavenger"	"Alphaproteobacteria"
"F3M07"	0	0.38689349026639	"scavenger"	"Gammaproteobacteria"
"F3R08"	0	0.389891921601822	"scavenger"	"Gammaproteobacteria"
"F3R11"	0	0.09523548199399	"scavenger"	"Gammaproteobacteria"
"G2M07"	0	0.433899432680896	"scavenger"	"Gammaproteobacteria"
"G2R10"	4	4.2154205712333	"degrader"	"Gammaproteobacteria"
"G2R14"	0	0.105649579122565	"scavenger"	"Alphaproteobacteria"
"G3M19"	0	0.105649579122565	"scavenger"	"Alphaproteobacteria"
"I2M19"	0	0.745696562456928	"exploiter"	"Bacteroidota"
"I2R16"	0	1.1243906979479	"exploiter"	"Gammaproteobacteria"
"I3M07"	4	3.84240160244002	"degrader"	"Gammaproteobacteria"
